{"inputUnits":[40],"outputUnits":3,"inputs":{"0":{"dtype":"number","min":0.164418965578079,"max":0.968224823474884},"1":{"dtype":"number","min":-0.079520083963871,"max":0.8234281539916991},"2":{"dtype":"number","min":-0.9640336036682121,"max":0.48965597152709905},"3":{"dtype":"number","min":0.9999997615814201,"max":1},"4":{"dtype":"number","min":0.153789073228836,"max":0.957715690135955},"5":{"dtype":"number","min":-0.028867067769169003,"max":0.822473406791687},"6":{"dtype":"number","min":-0.8559106588363641,"max":0.41659432649612405},"7":{"dtype":"number","min":0.32949474453926003,"max":0.9999997615814201},"8":{"dtype":"number","min":0.243830442428588,"max":1.066815018653869},"9":{"dtype":"number","min":0.205774366855621,"max":0.8284693360328671},"10":{"dtype":"number","min":-0.639320790767669,"max":0.44652622938156106},"11":{"dtype":"number","min":0.37971249222755404,"max":0.9999995827674861},"12":{"dtype":"number","min":0.10594329982995901,"max":0.9575524330139161},"13":{"dtype":"number","min":0.201890125870704,"max":0.795961856842041},"14":{"dtype":"number","min":-0.537816405296325,"max":0.341765820980072},"15":{"dtype":"number","min":0.8919717073440551,"max":0.9999954700469971},"16":{"dtype":"number","min":0.031307302415370004,"max":0.9962051510810851},"17":{"dtype":"number","min":0.066806383430957,"max":0.9611701369285581},"18":{"dtype":"number","min":-0.6379011869430541,"max":0.554761052131652},"19":{"dtype":"number","min":0.271467745304107,"max":0.9999557137489311},"20":{"dtype":"number","min":-0.132331654429435,"max":1.012500882148742},"21":{"dtype":"number","min":-0.106864847242832,"max":1.37321925163269},"22":{"dtype":"number","min":-0.922504067420959,"max":0.762952208518981},"23":{"dtype":"number","min":0.11555340141057902,"max":0.9998707771301271},"24":{"dtype":"number","min":-0.202631741762161,"max":1.033143639564514},"25":{"dtype":"number","min":-0.18444623053073803,"max":1.531439542770385},"26":{"dtype":"number","min":-1.028977155685424,"max":0.8024070858955381},"27":{"dtype":"number","min":0.0741957873106,"max":0.9994598627090451},"28":{"dtype":"number","min":-0.18753413856029502,"max":1.028629899024963},"29":{"dtype":"number","min":-0.17785570025444,"max":1.51401686668396},"30":{"dtype":"number","min":-1.006232500076294,"max":0.784153580665588},"31":{"dtype":"number","min":0.08918676525354301,"max":0.9995531439781181},"32":{"dtype":"number","min":-0.160411268472671,"max":1.013524889945983},"33":{"dtype":"number","min":-0.139147564768791,"max":1.4581512212753291},"34":{"dtype":"number","min":-0.9351651072502131,"max":0.756121754646301},"35":{"dtype":"number","min":0.10490187257528301,"max":0.999635696411132},"36":{"dtype":"number","min":0.11518356949090901,"max":0.9403780698776241},"37":{"dtype":"number","min":0.6293225884437561,"max":1.317262053489685},"38":{"dtype":"number","min":-0.146050170063972,"max":0.16560932993888802},"39":{"dtype":"number","min":0.005727366544306001,"max":0.999874174594879}},"outputs":{"0":{"dtype":"string","min":0,"max":1,"uniqueValues":["high_L","med_L","low_L"],"legend":{"high_L":[1,0,0],"med_L":[0,1,0],"low_L":[0,0,1]}}},"isNormalized":false}