{"inputUnits":[40],"outputUnits":3,"inputs":{"0":{"dtype":"number","min":-0.035614293068647,"max":0.9818044900894161},"1":{"dtype":"number","min":-0.174876049160957,"max":0.7536181807518001},"2":{"dtype":"number","min":-1.17388117313385,"max":0.45696091651916504},"3":{"dtype":"number","min":0.863049626350402,"max":1},"4":{"dtype":"number","min":-0.013242745772004001,"max":0.998470485210418},"5":{"dtype":"number","min":-0.11945142596960001,"max":0.7779525518417351},"6":{"dtype":"number","min":-1.039002776145935,"max":0.37289172410964905},"7":{"dtype":"number","min":0.12103058397769902,"max":0.9999997615814201},"8":{"dtype":"number","min":0.088702350854873,"max":1.074742078781128},"9":{"dtype":"number","min":0.09156837314367201,"max":0.8452979326248161},"10":{"dtype":"number","min":-0.7466305494308471,"max":0.249264627695083},"11":{"dtype":"number","min":0.8551495075225831,"max":0.9999995827674861},"12":{"dtype":"number","min":-0.129033654928207,"max":0.8995975255966181},"13":{"dtype":"number","min":0.117100670933723,"max":0.872061431407928},"14":{"dtype":"number","min":-0.630398154258728,"max":0.22952914237976002},"15":{"dtype":"number","min":0.516484677791595,"max":0.9999982118606561},"16":{"dtype":"number","min":0.09879864007234501,"max":1.132860541343689},"17":{"dtype":"number","min":0.058375746011734,"max":1.044962406158447},"18":{"dtype":"number","min":-0.7642835974693291,"max":0.31456577777862504},"19":{"dtype":"number","min":0.18245147168636303,"max":0.9999977946281431},"20":{"dtype":"number","min":0.037259459495544,"max":1.112478256225586},"21":{"dtype":"number","min":-0.15011891722679102,"max":1.4216406345367432},"22":{"dtype":"number","min":-1.160049200057983,"max":0.413430750370025},"23":{"dtype":"number","min":0.06372644752264,"max":0.999957740306854},"24":{"dtype":"number","min":0.015893509611487,"max":1.182403326034546},"25":{"dtype":"number","min":-0.213857948780059,"max":1.542894601821899},"26":{"dtype":"number","min":-1.271916389465332,"max":0.432105064392089},"27":{"dtype":"number","min":0.06233490630984301,"max":0.9997804164886471},"28":{"dtype":"number","min":0.023161750286817002,"max":1.171736478805542},"29":{"dtype":"number","min":-0.217917457222938,"max":1.545098662376403},"30":{"dtype":"number","min":-1.252050638198852,"max":0.401357233524322},"31":{"dtype":"number","min":0.09621154516935301,"max":0.9998553395271301},"32":{"dtype":"number","min":0.035747267305850004,"max":1.140830636024475},"33":{"dtype":"number","min":-0.196397870779037,"max":1.5099736452102661},"34":{"dtype":"number","min":-1.175593018531799,"max":0.40039539337158203},"35":{"dtype":"number","min":0.09314729273319201,"max":0.9999033808708191},"36":{"dtype":"number","min":0.031572617590427,"max":1.075762867927551},"37":{"dtype":"number","min":0.39142107963562,"max":1.440784215927124},"38":{"dtype":"number","min":-0.162610083818435,"max":0.14529432356357502},"39":{"dtype":"number","min":0.000735029752831,"max":0.9996985197067261}},"outputs":{"0":{"dtype":"string","min":0,"max":1,"uniqueValues":["high_R","med_R","low_R"],"legend":{"high_R":[1,0,0],"med_R":[0,1,0],"low_R":[0,0,1]}}},"isNormalized":false}